{
  "timestamp": "2025-10-01T00:53:43.742612",
  "summary": {
    "total_samples": 10000,
    "features_used": 25,
    "models_trained": 21,
    "target_variables": 7
  },
  "model_performance": {
    "home_win_odds_random_forest": {
      "mse": 0.00038064647368561845,
      "r2": 0.9930866029373174,
      "mae": 0.010233048610566182,
      "cv_mean": 0.9903297045634665,
      "cv_std": 0.005078416542912416
    },
    "home_win_odds_gradient_boosting": {
      "mse": 0.00016623343922708895,
      "r2": 0.996980826436287,
      "mae": 0.0074256157567878026,
      "cv_mean": 0.9947720456020308,
      "cv_std": 0.003962271546308448
    },
    "home_win_odds_neural_network": {
      "mse": 0.002228885056476062,
      "r2": 0.9595184286004304,
      "mae": 0.03668563565263355,
      "cv_mean": 0.9570857857150271,
      "cv_std": 0.004185038317181358
    },
    "draw_odds_random_forest": {
      "mse": 0.5987953839384242,
      "r2": -0.008126319658495751,
      "mae": 0.6234740419029262,
      "cv_mean": -0.007173217991255943,
      "cv_std": 0.0055477343530349185
    },
    "draw_odds_gradient_boosting": {
      "mse": 0.618156115130922,
      "r2": -0.04072186599456651,
      "mae": 0.6355791759222142,
      "cv_mean": -0.03633617647645946,
      "cv_std": 0.008756470282464925
    },
    "draw_odds_neural_network": {
      "mse": 1.3311631993821829,
      "r2": -1.2411339383270663,
      "mae": 0.9173411233536745,
      "cv_mean": -1.2156344911357213,
      "cv_std": 0.07053104416965088
    },
    "away_win_odds_random_forest": {
      "mse": 3.6903429643447683,
      "r2": 0.2285200912107529,
      "mae": 1.414427982346158,
      "cv_mean": 0.22291750786715747,
      "cv_std": 0.031888327648550485
    },
    "away_win_odds_gradient_boosting": {
      "mse": 3.777045287214815,
      "r2": 0.2103946484576359,
      "mae": 1.4278169945691808,
      "cv_mean": 0.20197238337783463,
      "cv_std": 0.03489087637224882
    },
    "away_win_odds_neural_network": {
      "mse": 8.044504919166275,
      "r2": -0.6817336440693047,
      "mae": 2.1550365892976404,
      "cv_mean": -0.6356511467379127,
      "cv_std": 0.11984815882941077
    },
    "over_2_5_odds_random_forest": {
      "mse": 0.17690335311478253,
      "r2": -0.005087835704288279,
      "mae": 0.36330502270040577,
      "cv_mean": -0.007841112015859065,
      "cv_std": 0.002529751147094128
    },
    "over_2_5_odds_gradient_boosting": {
      "mse": 0.18403992979731337,
      "r2": -0.04563475743238321,
      "mae": 0.36865087163276516,
      "cv_mean": -0.046166532106747885,
      "cv_std": 0.007234289377031484
    },
    "over_2_5_odds_neural_network": {
      "mse": 0.4097627462632795,
      "r2": -1.328093529842708,
      "mae": 0.5189803986571052,
      "cv_mean": -1.1940880711057296,
      "cv_std": 0.12558359412167402
    },
    "under_2_5_odds_random_forest": {
      "mse": 0.09368338525393498,
      "r2": -0.005592340806870322,
      "mae": 0.24315128189563007,
      "cv_mean": -0.009833152592659867,
      "cv_std": 0.0016615847404417381
    },
    "under_2_5_odds_gradient_boosting": {
      "mse": 0.09574102288339595,
      "r2": -0.027678910743827778,
      "mae": 0.24678819397749477,
      "cv_mean": -0.04390157627949067,
      "cv_std": 0.0049635046406002106
    },
    "under_2_5_odds_neural_network": {
      "mse": 0.19850877067049122,
      "r2": -1.1307823028400752,
      "mae": 0.352583532639337,
      "cv_mean": -1.1469610652196827,
      "cv_std": 0.11102213430272716
    },
    "btts_yes_odds_random_forest": {
      "mse": 0.16822715105332117,
      "r2": -0.009107312136082735,
      "mae": 0.3224243346812516,
      "cv_mean": -0.006308855136550373,
      "cv_std": 0.005039943943000851
    },
    "btts_yes_odds_gradient_boosting": {
      "mse": 0.17337669229863184,
      "r2": -0.03999673570566031,
      "mae": 0.3259469037387146,
      "cv_mean": -0.0435885773127568,
      "cv_std": 0.020031992855271713
    },
    "btts_yes_odds_neural_network": {
      "mse": 0.3551342504141824,
      "r2": -1.1302659329309446,
      "mae": 0.4664340249441174,
      "cv_mean": -1.1401870360436743,
      "cv_std": 0.10126469289539
    },
    "btts_no_odds_random_forest": {
      "mse": 0.1593754823136332,
      "r2": -0.008169284144287081,
      "mae": 0.3323908407857924,
      "cv_mean": -0.01048269681582017,
      "cv_std": 0.004956368962577002
    },
    "btts_no_odds_gradient_boosting": {
      "mse": 0.16376423619921823,
      "r2": -0.03593143926930553,
      "mae": 0.3363832894615705,
      "cv_mean": -0.03887938333944092,
      "cv_std": 0.010141026927842507
    },
    "btts_no_odds_neural_network": {
      "mse": 0.34085486984714053,
      "r2": -1.1561623227256606,
      "mae": 0.4656911232837974,
      "cv_mean": -1.3038100943266513,
      "cv_std": 0.1515143074890945
    }
  },
  "feature_importance": {
    "home_win_odds_random_forest": 